name,url,website_url,featured,rating,num_reviews,num_users,version,size,developer,updated_date,num_languages,timestamp
Read Aloud: A Text to Speech Voice Reader,https://chromewebstore.google.com/detail/read-aloud-a-text-to-spee/hdhinadidafjejdhmfkjgnolgimiaplp,https://lsdsoftware.com/,True,4.2,3300,5000000,2.19.1,445KiB,"Business
158 Magellan Ave San Jose, CA 95116 US
Website
Email","April 26, 2025",9.0,2025-04-28 12:52:30
"Read Aloud: Text to Speech (TTS, Listen to Text)",https://chromewebstore.google.com/detail/read-aloud-text-to-speech/npdkkcjlmhcnnaoobfdjndibfkkhhdfn,https://thereadme.com/,True,4.3,2700,500000,1.1.9,2.59MiB,"Website
Email","March 24, 2025",18.0,2025-04-28 12:52:36
NaturalReader - AI Text to Speech,https://chromewebstore.google.com/detail/naturalreader-ai-text-to/kohfgcgbkjodfcfkcackpagifgbcmimk,https://www.naturalreaders.com/,True,4.2,2000,900000,7.0.10,2.68MiB,"NaturalSoft Limited
935 - 6388 NO. 3 ROAD Richmond, BC V6Y 0L4 CA
Website
Email
Phone","December 8, 2024",,2025-04-28 12:52:38
Voice Out: Text to Speech Voice Reader,https://chromewebstore.google.com/detail/voice-out-text-to-speech/jmodgcjbfcmningbahdmedofbabejbba,https://voiceout.app/,False,4.3,97,20000,1.17,2.06MiB,"Website
Email","April 22, 2025",40.0,2025-04-28 12:52:40
Speechify Text to Speech Voice Reader,https://chromewebstore.google.com/detail/speechify-text-to-speech/ljflmlehinmoeknoonhibbjpldiijjmm,https://speechify.com/,True,4.6,18200,1000000,11.34.0,23.25MiB,"Speechify Inc
7901 4th St N STE 6193 St. Petersburg, FL 33702 US
Website
Email","April 21, 2025",,2025-04-28 12:52:42
Text to Speech Chrome Extension,https://chromewebstore.google.com/detail/text-to-speech-chrome-ext/cpabikagfnbfhciiflkalhjndgpiipmg,https://chromewebstore.google.com/user/installed,False,4.0,12,4000,1.3,745KiB,Email,"October 9, 2024",52.0,2025-04-28 12:52:44
Edge Text to Speech Voice Reader,https://chromewebstore.google.com/detail/edge-text-to-speech-voice/jeenjljjokaobgdbemlplaidbjfliknl,https://mapache.dev/,False,4.0,7,865,1.0.2,113KiB,"Website
Email","March 22, 2025",,2025-04-28 12:52:46
Pericles: Text to Speech Screen Reader,https://chromewebstore.google.com/detail/pericles-text-to-speech-s/oacindbdmlbdeidohafnfocfckkhjlbg,https://getpericles.com/,False,4.0,132,20000,2.2.13,463KiB,"Website
Email","August 18, 2023",,2025-04-28 12:52:48
MS Edge TTS (Text to Speech),https://chromewebstore.google.com/detail/ms-edge-tts-text-to-speec/oajalfneblkfiejoadecnmodfpnaeblh,https://chromewebstore.google.com/user/installed,False,4.5,53,4000,1.2.8,1.44MiB,Email,"January 30, 2025",,2025-04-28 12:52:49
Text to Speech (Dubbing) - SpeakText,https://chromewebstore.google.com/detail/text-to-speech-dubbing-sp/kglnbmpmjfbmcodgcgibonfeenmmgmmp,https://chromewebstore.google.com/user/installed,False,4.3,20,10000,0.0.23,1.03MiB,Email,"April 3, 2025",3.0,2025-04-28 12:52:52
Text to Speech Extension,https://chromewebstore.google.com/detail/text-to-speech-extension/dgfphehljklflggebnikioimdpjoblim,https://chromewebstore.google.com/user/installed,False,5.0,11,3000,1.5,742KiB,Email,"October 7, 2024",52.0,2025-04-28 12:52:53
Slang - Text to Speech,https://chromewebstore.google.com/detail/slang-text-to-speech/enkmbkhkbdiaafkmofbmdahclajelgfh,https://kauer3.github.io/,False,4.6,9,650,0.4,220KiB,"Website
Email","April 27, 2021",,2025-04-28 12:52:56
"GPT Reader: Free AI Text to Speech with ChatGPT Voices, TTS",https://chromewebstore.google.com/detail/gpt-reader-free-ai-text-t/aeggkceabpfajnglgaeadofdmeboimml,https://gpt-reader.com/,False,4.8,29,4000,1.1.0,4.84MiB,"Website
Email","April 18, 2025",51.0,2025-04-28 12:52:57
Waves: Text-to-Speech Voice Reader,https://chromewebstore.google.com/detail/waves-text-to-speech-voic/cfdkiigckljdahakjbleipdhendolcnn,https://chromewebstore.google.com/user/installed,False,4.2,5,114,0.0.1,1.05MiB,"Smallest INC
16192 Coastal Hwy Lewes, DE 19958 US
Email
Phone","November 29, 2024",,2025-04-28 12:52:59
Lichess Text To Speech,https://chromewebstore.google.com/detail/lichess-text-to-speech/khmempcacbgfbhkeocpahgcmognoaoeh,https://chromewebstore.google.com/user/installed,False,4.2,13,403,1.0.5,12.66KiB,Email,"August 11, 2023",,2025-04-28 12:53:01
Text to Speech TTS AI | Readvox,https://chromewebstore.google.com/detail/text-to-speech-tts-ai-rea/abhjpgicemlbiclagmlbnchinjdimkog,https://readvox.com/,True,4.4,178,20000,3.19.1,16.99MiB,"Fenvox LLC
17350 State Highway 249 Ste 220 Houston, TX 77064 US
Website
Email
Phone","April 27, 2025",11.0,2025-04-28 12:53:02
Speaktor: Convert Text to Audio,https://chromewebstore.google.com/detail/speaktor-convert-text-to/pkalafphkhagdcdomigccbieboahfipl,https://speaktor.com/,False,4.8,56,3000,1,210KiB,"Transkriptor
1111B S Governors Ave STE 3804 Dover, DE 19904-6903 US
Website
Email
Phone","March 2, 2023",36.0,2025-04-28 12:53:04
Text to Speech - AI Voice Generator,https://chromewebstore.google.com/detail/text-to-speech-ai-voice-g/lkhffkmjeoaopmgmekkpdolbbmhecalc,https://www.transmonkey.ai/text-to-speech,False,4.3,6,337,1.1,286KiB,"Website
Email","January 14, 2025",55.0,2025-04-28 12:53:06
Google Docs Free Text to Speech by OmniReader,https://chromewebstore.google.com/detail/google-docs-free-text-to/jliapgikcbjfohiheiadbelinopjjhej,https://chromewebstore.google.com/user/installed,False,4.0,2,100,0.1.0,125KiB,Email,"December 18, 2024",,2025-04-28 12:53:08
Offline Text To Speech,https://chromewebstore.google.com/detail/offline-text-to-speech/ecnibbdjecjgllmkodkjnodmblmffkkp,https://chromewebstore.google.com/user/installed,True,4.5,2,963,1.0.0,1.06MiB,"Kandivali Mumbai, Maharashra 400067 India
Email","September 13, 2021",,2025-04-28 12:53:10
Vocalize: Text-to-Speech Reader,https://chromewebstore.google.com/detail/vocalize-text-to-speech-r/blfcpmpbhiimmppeommigmccaenlihhm,https://chromewebstore.google.com/user/installed,False,5.0,1,52,1.4,144KiB,Email,"January 7, 2025",,2025-04-28 12:53:12
Translator and Text to Speech (TTS),https://chromewebstore.google.com/detail/translator-and-text-to-sp/nkbpagohbgnpdpldlcmabekfidlkfcad,https://www.freetranslations.org/,False,4.2,6,1000,1.7,46.77KiB,"Website
Email","April 7, 2021",,2025-04-28 12:53:15
Paper To Audio,https://chromewebstore.google.com/detail/paper-to-audio/djncfliejhhejjgbhcopflpnlaeicnco,https://chromewebstore.google.com/user/installed,True,4.1,10,1000,3.0,2.9MiB,Email,"January 19, 2025",,2025-04-28 12:53:17
Playtext — Text to Speech,https://chromewebstore.google.com/detail/playtext-%E2%80%94-text-to-speech/ccocbkipkgmgmpjnjnhkhkdojodbbcck,https://playtext.app/,True,4.0,8,1000,2.0.8,65.21KiB,"Website
Email","February 6, 2024",,2025-04-28 12:53:19
AI speaker - Text to speech,https://chromewebstore.google.com/detail/ai-speaker-text-to-speech/fbmdamampclnekmjdbcceojhfiabfgla,https://chromewebstore.google.com/user/installed,False,5.0,9,293,1.0.7,344KiB,Email,"February 13, 2025",,2025-04-28 12:53:20
Text To Speech Reader Pro,https://chromewebstore.google.com/detail/text-to-speech-reader-pro/imbmkbogaolllmfeemnoieblncghndod,https://fuzesoft.com/,False,5.0,1,26,1.0.0,47.81KiB,"Fuzesoft
C. A. Olesens Gade 4 Aalborg 9000 DK
Website
Email","February 5, 2025",47.0,2025-04-28 12:53:22
ReadX Text To Speech,https://chromewebstore.google.com/detail/readx-text-to-speech/nnpkmeadcahjgbmiemkbdlbnkhkoinff,https://chromewebstore.google.com/user/installed,True,4.4,9,478,1.2.1,243KiB,Email,"March 20, 2025",,2025-04-28 12:53:24
Voice In - Speech-To-Text Dictation,https://chromewebstore.google.com/detail/voice-in-speech-to-text-d/pjnefijmagpdjfhhkpljicbbpicelgko,https://dictanote.co/,True,4.4,2200,600000,4.31,2.25MiB,"Website
Email","April 21, 2025",40.0,2025-04-28 12:53:26
"Text To Speech, Udemy Course Subtitle Reader with AI Voices | Readio",https://chromewebstore.google.com/detail/text-to-speech-udemy-cour/hghepaogndoaijlgelomneagnjlhaled,https://readio.online/,True,4.2,58,2000,1.2.7,682KiB,"Website
Email","April 24, 2025",,2025-04-28 12:53:27
Text to Speech AI,https://chromewebstore.google.com/detail/text-to-speech-ai/imcbchffghgpfhbkchbjbpeopjeplenh,https://freddydeveloper.com/,True,4.8,18,111,1.5,4.14MiB,"FreddyDeveloper
Website
Email","December 25, 2024",,2025-04-28 12:53:32
Text-to-Speech Reader,https://chromewebstore.google.com/detail/text-to-speech-reader/agbpaddnielheehkfcnncbdoibpmfeki,https://chromewebstore.google.com/user/installed,False,5.0,1,7,1.1,82.13KiB,Email,"March 29, 2025",,2025-04-28 12:53:34
Playcast.ai: Text-To-Speech For Your Reading List,https://chromewebstore.google.com/detail/playcastai-text-to-speech/cgkmipkfajgbpigiccgjanjbfkdgapif,https://playcast.ai/,False,5.0,1,45,1.0.0,1.34MiB,"Doruk Can Kisin
Namık Kemal Caddesi Maltepe, İstanbul 34481 TR
Website
Email
Phone","August 22, 2024",,2025-04-28 12:53:36
Tiktok Voice Generator,https://chromewebstore.google.com/detail/tiktok-voice-generator/dkgmjefaaffbdcjlfelfjgfnddckcokf,https://chromewebstore.google.com/user/installed,False,4.9,18,2000,1.1.5,161KiB,Email,"August 16, 2024",52.0,2025-04-28 12:53:38
Text-to-Speech Extension,https://chromewebstore.google.com/detail/text-to-speech-extension/bjidgmpmbodlobefnnnaableplbjgndo,https://chromewebstore.google.com/user/installed,False,5.0,1,14,1.0.1,58.36KiB,"1516871 B.C. LTD.
1360 Pheasant Lane 51 Victoria, BC V9B 5R4 CA
Email
Phone","March 10, 2025",,2025-04-28 12:53:40
Wavenet for Chrome,https://chromewebstore.google.com/detail/wavenet-for-chrome/iefankigbnlnlaolflbcopliocibkffc,https://chromewebstore.google.com/user/installed,True,4.7,84,10000,12,4.59MiB,Email,"July 30, 2023",,2025-04-28 12:53:41
Read to Me,https://chromewebstore.google.com/detail/read-to-me/anpkfnccdmljhdegcaonjffhjhhcalaj,https://readtome.pro/,True,4.6,316,30000,2.3.2,1.25MiB,"Website
Email","April 24, 2025",52.0,2025-04-28 12:53:43
ReadText (Text to Speech Reader),https://chromewebstore.google.com/detail/readtext-text-to-speech-r/nbponmdleleejbojmgdcfbihmndlalle,https://readtextonline.com/,True,4.2,12,568,2.0.5,489KiB,"MagicLabs
32, Church St Bengaluru, Karnataka 560001 IN
Website
Email","October 11, 2024",,2025-04-28 12:53:45
Selected text to speech,https://chromewebstore.google.com/detail/selected-text-to-speech/apcoiakmgopgbglbpfhaibglboldbaep,https://funfuni.com/,True,4.2,5,219,2.1,17.06KiB,"Website
Email","October 29, 2024",,2025-04-28 12:53:46
"SpeechText.AI: Record, Capture & Transcribe",https://chromewebstore.google.com/detail/speechtextai-record-captu/pjomkoghmkhnipjjlcgoncjlonoleckj,https://speechtext.ai/,False,4.1,29,40000,1.0.4,31.71KiB,"Website
Email","June 19, 2024",,2025-04-28 12:53:48
Speech my text,https://chromewebstore.google.com/detail/speech-my-text/hcmjdmffibhdokpbajaiegfpemmkfpcm,https://chromewebstore.google.com/user/installed,True,4.4,13,434,1.0,80.66KiB,Email,"July 30, 2022",,2025-04-28 12:53:51
Gemini Live Text-to-Speech,https://chromewebstore.google.com/detail/gemini-live-text-to-speec/olpjbfdakgoibngpmmihilbnlkabnlhl,https://chromewebstore.google.com/user/installed,False,5.0,1,119,2.1.0,271KiB,"Jansen Manatum Tan
1803 W 86th Ave Merrillville, IN 46410-8451 US
Email
Phone","February 24, 2025",,2025-04-28 12:53:54
Readin - Lifelike Text to Speech Reader (TTS),https://chromewebstore.google.com/detail/readin-lifelike-text-to-s/nnheobpfcpicnkfpdaafonmoaiehgmkj,https://chromewebstore.google.com/user/installed,False,4.9,14,120,1.0.2,1.29MiB,Email,"March 13, 2025",,2025-04-28 12:53:56
TabSpeech,https://chromewebstore.google.com/detail/tabspeech/ccojlmmbakjcoddbepmmogiobbmmhmjc,https://chromewebstore.google.com/user/installed,False,4.3,21,3000,2.1,101KiB,Email,"February 27, 2025",4.0,2025-04-28 12:53:58
Voice Control for ChatGPT,https://chromewebstore.google.com/detail/voice-control-for-chatgpt/eollffkcakegifhacjnlnegohfdlidhn,https://voicecontrol.chat/,True,4.0,657,500000,4.0.0,1.32MiB,"Aidia ApS
Nøddehaven 4 Værløse 3500 DK
Website
Email
Phone","April 15, 2025",,2025-04-28 12:53:59
"VoiceWave: Voice mode for ChatGPT, DeepSeek, and other AI chatbots",https://chromewebstore.google.com/detail/voicewave-voice-mode-for/baahncfnjojaofhdmdfkpeadigoemkif,https://voicewave.xyz/,True,4.0,278,100000,4.20.101,1.51MiB,"VoiceWave
Banasree, Rampura Dhaka 1219 BD
Website
Email","April 14, 2025",45.0,2025-04-28 12:54:02
Read It To Me,https://chromewebstore.google.com/detail/read-it-to-me/dgoegmgdhakmijhepjiligkkmlepkkic,https://chromewebstore.google.com/user/installed,False,4.2,37,10000,1.0.6,664KiB,Email,"April 8, 2025",52.0,2025-04-28 12:54:06
Voiceitt: Speech-To-Text for Non-Standard Speakers,https://chromewebstore.google.com/detail/voiceitt-speech-to-text-f/aalfhpnibomagmpkoljjlblbbkmedcli,https://voiceitt.com/,False,5.0,3,769,0.0.22,647KiB,"Technologies of Voice Interface Ltd
8 HaZait St. Holon 5821448 IL
Website
Email
Phone","April 9, 2025",,2025-04-28 12:54:08
Speech To Text Engine,https://chromewebstore.google.com/detail/speech-to-text-engine/nfaflpdfalanegbebaikeadklolpflfi,https://chromewebstore.google.com/user/installed,False,4.6,21,2000,0.1,147KiB,Email,"July 4, 2022",,2025-04-28 12:54:10
Text N Speech,https://chromewebstore.google.com/detail/text-n-speech/goielogmjddnahjgeeicilcjgejpooig,https://textnspeech.com/,False,4.2,5,61,1.6,101KiB,"Website
Email","April 23, 2025",,2025-04-28 12:54:11
"Audio AI : Voice-to-Text for DeepSeek, ChatGPT, Claude and 1M+ more",https://chromewebstore.google.com/detail/audio-ai-voice-to-text-fo/phdhgapeklfogkncjpcpfmhphbggmdpe,https://ertiqah.com/,False,4.7,59,1000,1.2.6,69.95KiB,"Ertiqah, LLC.
131 Continental Dr suite 305 Newark, DE 19713-4305 US
Website
Email","January 30, 2025",,2025-04-28 12:54:13
Summme - Add Voice Chat to ChatGPT (TTS & STT),https://chromewebstore.google.com/detail/summme-add-voice-chat-to/ehefcdakfbkmpeimjcnhdlhjhinhkhpn,https://summ.me/,True,4.1,19,523,1.0.7,465KiB,"Website
Email","October 23, 2024",,2025-04-28 12:54:16
Voice to Text,https://chromewebstore.google.com/detail/voice-to-text/elajeappnnlkfmffkincmhkmomnjgjpj,https://aivoicerecorder.pro/,False,5.0,4,974,2.0.0,215KiB,"Website
Email","December 22, 2024",52.0,2025-04-28 12:54:18
Text-to-Speech Converter,https://chromewebstore.google.com/detail/text-to-speech-converter/jjillmfokiepkhmldihkbfcomecdbgab,https://aquamarine-tiramisu-7ba5f0.netlify.app/,False,5.0,2,19,1.0,1.36MiB,"Digital Duo in
Near gurunank mandir dadvaroad dhola junction bhavnagar, Gujarat 364320 IN
Website
Email","January 2, 2025",,2025-04-28 12:54:21
SpeechAgent - Live Voice Typing,https://chromewebstore.google.com/detail/speechagent-live-voice-ty/dmeopbjmadhhfckcedpefeiomepehigk,https://chromewebstore.google.com/user/installed,False,4.1,26,10000,0.2.2,66.11KiB,Email,"May 26, 2022",,2025-04-28 12:54:23
VoxReader - Text to Speech,https://chromewebstore.google.com/detail/voxreader-text-to-speech/cpfpnjcjglagplmgdalpgldhpaegnimb,https://chromewebstore.google.com/user/installed,False,4.4,5,1000,1.0.2.0,741KiB,Email,"February 9, 2022",2.0,2025-04-28 12:54:24
TTS Reader,https://chromewebstore.google.com/detail/tts-reader/blckodkdfiedapfpjiobdkedmocgihco,https://chromewebstore.google.com/user/installed,False,4.6,14,614,1.0.2,860KiB,Email,"April 15, 2025",52.0,2025-04-28 12:54:26
Voice/Speech To Text - DictationDaddy,https://chromewebstore.google.com/detail/voicespeech-to-text-dicta/mnnmkkjnpnmbfohnpbddndcmiioicpjl,https://dictationdaddy.com/,True,4.4,14,594,1.38,3.68MiB,"Website
Email","March 12, 2025",16.0,2025-04-28 12:54:28
Text Reader – TTS | Free Text Reader for Selected Web Text,https://chromewebstore.google.com/detail/text-reader-%E2%80%93-tts-free-te/mhcghjakflmhocjdmkhdflpikhjnembg,https://chromewebstore.google.com/user/installed,False,5.0,1,7,2.3.1,1.0MiB,Email,"April 8, 2025",,2025-04-28 12:54:30
Audio File to Text Converter,https://chromewebstore.google.com/detail/audio-file-to-text-conver/lpaefogpeigedginpjafcbeicpckiema,https://chromewebstore.google.com/user/installed,False,4.3,24,6000,1.1,163KiB,Email,"November 21, 2024",52.0,2025-04-28 12:54:32
Transkriptor Transcribe Audio to Text,https://chromewebstore.google.com/detail/transkriptor-transcribe-a/pbajmiiebklfjhkeahpgjdlgclelihjh,https://transkriptor.com/,True,4.8,1600,100000,2.4.5,1.86MiB,"Transkriptor
1111B S Governors Ave STE 3804 Dover, DE 19904-6903 US
Website
Email
Phone","November 15, 2024",36.0,2025-04-28 12:54:34
WhisperAI - AI driven Speech-to-text,https://chromewebstore.google.com/detail/whisperai-ai-driven-speec/klhcnkknganbneegjihbcfjoifiomhfn,https://blabby.ai/,True,4.8,61,2000,4.2.2,1.81MiB,"Website
Email","April 21, 2025",,2025-04-28 12:54:38
SpeakMagic - Speech to Text,https://chromewebstore.google.com/detail/speakmagic-speech-to-text/mdbcpndkogmknkhdbbdghnebegdeehfm,https://chromewebstore.google.com/user/installed,False,5.0,2,142,0.0.0.1,1.96MiB,Email,"April 4, 2021",,2025-04-28 12:54:40
Microsoft Audio-Content-Creation TTS Exporter,https://chromewebstore.google.com/detail/microsoft-audio-content-c/lhphdiclklkbodombedbjeddjfkfcmao,https://chromewebstore.google.com/user/installed,True,4.5,4,1000,2.1.0,414KiB,Email,"September 2, 2023",10.0,2025-04-28 12:54:42
Mote - Voice & Audio for Learning,https://chromewebstore.google.com/detail/mote-voice-audio-for-lear/ajphlblkfpppdpkgokiejbjfohfohhmk,https://mote.com/,True,4.6,165,98073360,2.0.6,28.46MiB,"Mote Technologies, Inc.
548 Market St, San Francisco PMB 52828 San Francisco, CA 94104 US
Website
Email
Phone","April 6, 2025",19.0,2025-04-28 12:54:44
Speakatoo,https://chromewebstore.google.com/detail/speakatoo/dlolcmhhnejcalcnhaefcfbdahhlbcdp,https://www.speakatoo.com/,False,5.0,3,26,1.1.2,216KiB,"MicroPedia Global Services
Office Number, 313 Water Edge Society, Mahalunge, Balewadi, Pune, Maharashtra 411045 IN
Website
Email
Phone","January 4, 2025",,2025-04-28 12:54:46
Lingvanex - Online Text and Voice Translator,https://chromewebstore.google.com/detail/lingvanex-online-text-and/kdamfjkjgaidaigdfelkpgdnbigclccc,https://lingvanex.com/,True,4.1,254,10000,3.2.9,2.12MiB,"NordicWise Limited
1 Apriliou, 52, Athienou Larnaca 7600 Cyprus
Website
Email","March 17, 2025",39.0,2025-04-28 12:54:48
"ImTranslator: Translator, Dictionary, TTS",https://chromewebstore.google.com/detail/imtranslator-translator-d/noaijdpnepcgjemiklgfkcfbkokogabh,https://about.imtranslator.net/,True,4.4,5200,1000000,17.4,2.84MiB,"Website
Email","December 31, 2024",25.0,2025-04-28 12:54:49
Speech to Text Converter,https://chromewebstore.google.com/detail/speech-to-text-converter/mhjpeloaogkjmpgcngiflachhggknlph,https://chromewebstore.google.com/user/installed,False,4.7,10,901,1.6.0,440KiB,Email,"April 6, 2025",52.0,2025-04-28 12:54:51
Voicy - Voice to Text Powered by AI,https://chromewebstore.google.com/detail/voicy-voice-to-text-power/hgegmplalfpnkfahiikedaghinbocfdd,https://usevoicy.com/,True,5.0,43,3000,1.7.5,598KiB,"Website
Email","April 24, 2025",10.0,2025-04-28 12:54:53
Speech Translator,https://chromewebstore.google.com/detail/speech-translator/jodfjmaiakpnmeddgpeflpafebmlhppn,https://kappaflow.dev/,True,4.0,233,90000,0.2.2,48.6MiB,"Website
Email","December 27, 2023",19.0,2025-04-28 12:54:55
Voice Writer,https://chromewebstore.google.com/detail/voice-writer/bmnkehnhllihccfbhinbjpolponlnfbl,https://voicewriter.io/,False,5.0,7,192,1.1.0,619KiB,"Website
Email","April 4, 2025",,2025-04-28 12:54:57
Transcribe Speech To Text - YTScribe,https://chromewebstore.google.com/detail/transcribe-speech-to-text/ckammmbcncnmfidlajihpfcooakmheik,https://www.livepolls.app/chrome_addons,False,4.2,5,3000,1.6,70.5KiB,"Website
Email","January 15, 2025",54.0,2025-04-28 12:54:58
Read Out Loud,https://chromewebstore.google.com/detail/read-out-loud/mojcmdcfhhndhnlpilkikicaoflnnmmb,https://chromewebstore.google.com/user/installed,True,4.8,44,2000,1.0.6,460KiB,Email,"March 25, 2025",52.0,2025-04-28 12:55:00
Online speech recognition,https://chromewebstore.google.com/detail/online-speech-recognition/pehlbpmpoabkgenppepoaihkacolpdcf,https://speechpad.ru/,True,4.2,783,100000,10.0,43.84KiB,"IP Shechkov A.V.
ул. Новопесчаная, 13/3 Москва, Moskva 125252 RU
Website
Email","April 25, 2024",2.0,2025-04-28 12:55:02
Text Reader and Translator,https://chromewebstore.google.com/detail/text-reader-and-translato/heedimaoodnkkoddokgmgihpihmnjflj,https://chromewebstore.google.com/user/installed,False,5.0,7,43,1.0,16.46KiB,"Jatin kumar
VPO balh teh bangana Una, Himachal Pradesh 174321 IN
Email","November 27, 2024",,2025-04-28 12:55:04
Speak! - Speech-To-Text Smart Dictation,https://chromewebstore.google.com/detail/speak-speech-to-text-smar/glklbjgdbdmlmjomcdhmjjklkeoghihh,https://kredor.com/,False,4.2,50,7000,1.0.38,2.73MiB,"Website
Email","April 17, 2025",46.0,2025-04-28 12:55:07
Audio SpeechScribe: Audio to Text,https://chromewebstore.google.com/detail/audio-speechscribe-audio/gijnkelbkbmaekkkgoalpimggbmoahol,https://edu.elang.app/,False,4.0,8,3000,2.1.2,53.54MiB,"English In Games
Jana Dantyszka 18 Warszawa 02-054 PL
Website
Email","March 5, 2025",14.0,2025-04-28 12:55:09
Talk & Write,https://chromewebstore.google.com/detail/talk-write/aoccbmdngdnaepdoonchccpgloegkhid,https://www.extendbrowser.com/,False,4.4,47,10000,1.0.1,41.23KiB,"GeorgeZ
Athens Attiki, Attiki 13562 Greece
Website
Email","August 29, 2023",,2025-04-28 12:55:11
TransOver,https://chromewebstore.google.com/detail/transover/aggiiclaiamajehmlfpkjmlbadmkledi,https://chromewebstore.google.com/user/installed,True,4.6,1800,100000,1.74,132KiB,Email,"February 4, 2024",,2025-04-28 12:55:13
TextCortex: Personal AI Assistant & AI Writer,https://chromewebstore.google.com/detail/textcortex-personal-ai-as/hahkojdegblcccihngmgndhdfheheofe,https://textcortex.com/,True,4.9,1600,70000,1.36.30,5.41MiB,"Text Cortex AI UG (hb)
c/o WeWork Kemperpl. 1 Berlin 10785 DE
Website
Email
Phone","April 19, 2025",54.0,2025-04-28 12:55:15
Readsy,https://chromewebstore.google.com/detail/readsy/nopgbkabhipfhbciolfjhmkflphjfkca,https://readsyapp.com/,True,4.4,5,914,1.0.5,146KiB,"Website
Email","October 17, 2022",,2025-04-28 12:55:16
Clearly Reader - Your AI Reading Assistant,https://chromewebstore.google.com/detail/clearly-reader-your-ai-re/odfonlkabodgbolnmmkdijkaeggofoop,https://clearlyreader.com/,True,4.6,1200,100000,4.1.0,6.88MiB,"Website
Email","April 1, 2025",12.0,2025-04-28 12:55:18
LipSurf - Voice Control for the Web,https://chromewebstore.google.com/detail/lipsurf-voice-control-for/lnnmjmalakahagblkkcnjkoaihlfglon,https://lipsurf.com/,False,4.0,108,9000,4.16.2,3.11MiB,"LipSurf Inc.
10228 Northwest Highway 294 Dallas, TX 75238 US
Website
Email
Phone","August 6, 2023",2.0,2025-04-28 12:55:20
Upword: AI notes & summarization tool,https://chromewebstore.google.com/detail/upword-ai-notes-summariza/pooaceljmehmcieneahjdlhkggheonbf,https://chromewebstore.google.com/user/installed,False,4.8,108,20000,1.3.1,1.71MiB,"Erudite Inc
730th Arizona Ave Santa Monica, CA 90401 US
Email
Phone","June 19, 2024",,2025-04-28 12:55:22
Google Docs Read Aloud,https://chromewebstore.google.com/detail/google-docs-read-aloud/alpipgnfbheckmgckbfleoliadakhaho,https://chromewebstore.google.com/user/installed,False,4.6,5,1000,1.0.0,1.51MiB,Email,"March 11, 2025",52.0,2025-04-28 12:55:24
Serbski Text-to-Speech Erweiterung,https://chromewebstore.google.com/detail/serbski-text-to-speech-er/dbdcoigogdbamlmlnlfebbhnpkdpaofg,https://chromewebstore.google.com/user/installed,False,5.0,1,97442195,1.0,86.21KiB,"Sorbisches Institut e. V. / Serbski institut z.t.
Bahnhofstraße 6 Bautzen 02625 DE
Email","March 6, 2025",,2025-04-28 12:55:25
Speech To Text — Voice Typing,https://chromewebstore.google.com/detail/speech-to-text-%E2%80%94-voice-ty/lklnmpaocicgddhnmjdjlncmoppfpohn,https://speechtotext.biz/,False,4.3,6,60,0.0.3,179KiB,"Website
Email","April 17, 2025",10.0,2025-04-28 12:55:27
rikaikun,https://chromewebstore.google.com/detail/rikaikun/jipdnfibhldikgcjhfnomkfpcebammhp,https://chromewebstore.google.com/user/installed,True,4.7,1900,200000,3.1.17,27.79MiB,Email,"April 21, 2025",,2025-04-28 12:55:29
Talking Clock,https://chromewebstore.google.com/detail/talking-clock/babblknbggnkbadcnoeoendifjkbkflj,https://guokai.dev/,True,4.4,96,10000,1.0.0,259KiB,"Website
Email","December 29, 2022",2.0,2025-04-28 12:55:31
StopWork.ai - Voice To Everything - AI Powered,https://chromewebstore.google.com/detail/stopworkai-voice-to-every/oojgpmfeafelpfpjfcecmmegebfmmaeh,https://stopwork.ai/,False,4.0,2,98,3.1113,24.7MiB,"Website
Email","January 6, 2025",,2025-04-28 12:55:33
Language Reactor,https://chromewebstore.google.com/detail/language-reactor/hoombieeljmmljlkjmnheibnpciblicm,https://chromewebstore.google.com/user/installed,False,4.2,3800,2000000,5.1.3,2.9MiB,Email,"April 11, 2025",27.0,2025-04-28 12:55:35
Read Selected,https://chromewebstore.google.com/detail/read-selected/gmhbhkikokpnmhfnijpkfdobdchodpkg,https://chromewebstore.google.com/user/installed,False,4.0,1,86,3.2,36.78KiB,Email,"November 7, 2024",,2025-04-28 12:55:37
Talking ChatGPT,https://chromewebstore.google.com/detail/talking-chatgpt/dppbeenbobngogcdfnocicajiegcofmo,https://chromewebstore.google.com/user/installed,True,4.3,4,1000,2.6,19.14KiB,"Ramona Scharl
Max-Reger-Platz 6 Bodenwöhr 92439 DE
Email
Phone","October 14, 2024",,2025-04-28 12:55:38
Read News with TTS,https://chromewebstore.google.com/detail/read-news-with-tts/iimnpknhbclbehjapplgbaakdjnlifbm,https://chromewebstore.google.com/user/installed,False,4.0,4,1000,1.0.0,736KiB,Email,"August 9, 2022",,2025-04-28 12:55:41
Reader View,https://chromewebstore.google.com/detail/reader-view/ecabifbgmdmgdllomnfinbmaellmclnh,https://chromewebstore.google.com/user/installed,True,4.7,1100,300000,0.8.2,300KiB,Email,"April 18, 2025",13.0,2025-04-28 12:55:44
Scribe-a-saurus - Speech-To-Text Dictation,https://chromewebstore.google.com/detail/scribe-a-saurus-speech-to/iaihnaebfnekbaigahlcpdinadenmijl,https://chromewebstore.google.com/user/installed,False,5.0,8,326,1.10,1.02MiB,Email,"October 25, 2024",,2025-04-28 12:55:46
Two Way Voice for Bing AI,https://chromewebstore.google.com/detail/two-way-voice-for-bing-ai/jngfiehdgfkgbcbalipddcibogfcgmma,https://chromewebstore.google.com/user/installed,False,5.0,2,89,1.7.0,27.35KiB,Email,"March 26, 2025",,2025-04-28 12:55:48
SummarizeMe,https://chromewebstore.google.com/detail/summarizeme/hokffkdbohcjjheljojgpdhgfligicme,https://chromewebstore.google.com/user/installed,True,5.0,62,526,1.0,10.81KiB,Email,"October 25, 2024",,2025-04-28 12:55:50
"Note: AI Note Taker, Transcribe Speech To Text",https://chromewebstore.google.com/detail/note-ai-note-taker-transc/jglbjhnofpaibaokbnjkklmjdacdcjpo,https://note-ai.co/,False,5.0,1,164,5.0.5,399KiB,"Mark Owoseni
5013 Castle Creek Ct Plano, TX 75093-3471 US
Website
Email
Phone","December 1, 2024",,2025-04-28 12:55:52
Subway Surfers Screen Reader,https://chromewebstore.google.com/detail/subway-surfers-screen-rea/jcijfneifjnhbgahlokgkmpcnocgpegd,https://brainrotreader.com/,False,5.0,11,2000,1.1.0,310KiB,"Website
Email","November 17, 2024",,2025-04-28 12:55:55
Ddict: AI Translation & Writing Assistant,https://chromewebstore.google.com/detail/ddict-ai-translation-writ/bpggmmljdiliancllaapiggllnkbjocb,https://ddict.me/,True,4.2,738,100000,6.2.12,240KiB,"Website
Email","November 28, 2024",,2025-04-28 12:55:57
"Human Reader, powered by ElevenLabs",https://chromewebstore.google.com/detail/human-reader-powered-by-e/klohmfhfijipahknljjelpfgjpmandmg,https://chromewebstore.google.com/user/installed,True,4.1,36,3000,1.7,1.03MiB,Email,"September 9, 2024",,2025-04-28 12:55:59
Speechia Beautiful Speech to Text,https://chromewebstore.google.com/detail/speechia-beautiful-speech/emelglepcddfcjemcddhneijbgmpobca,https://chromewebstore.google.com/user/installed,False,5.0,2,18,1.1,16.59KiB,Email,"January 28, 2025",,2025-04-28 12:56:01
Helperbird: Accessibility & Productivity App,https://chromewebstore.google.com/detail/helperbird-accessibility/ahmapmilbkfamljbpgphfndeemhnajme,https://helperbird.com/,True,4.5,164,98073360,2025.4.24,14.72MiB,"Helperbird
Rossa Ave Bishopstown, Co. Cork T12 P928 IE
Website
Email","April 25, 2025",45.0,2025-04-28 12:56:03
"DeepSeek Bolt - Custom Prompts, Chat Export, & Speech To Text",https://chromewebstore.google.com/detail/deepseek-bolt-custom-prom/hkioelfhhmcnfeoanlconnbhfcmggoib,https://chromewebstore.google.com/user/installed,False,5.0,1,10,1.0.1,901KiB,Email,"April 8, 2025",,2025-04-28 12:56:04
Multilanguage Translator – Translate Web Pages & Text Instantly,https://chromewebstore.google.com/detail/multilanguage-translator/ielooaepfhfcnmihgnabkldnpddnnldl,https://chromewebstore.google.com/user/installed,True,4.7,467,1000000,2.3.33,249KiB,Email,"April 16, 2025",41.0,2025-04-28 12:56:06
"TalkaType - Simple, Secure Web Dictation",https://chromewebstore.google.com/detail/talkatype-simple-secure-w/jgofhdodppnlhijhmefpagmbpdkdfena,https://talkatype.com/,True,4.3,19,3000,1.0.2,4.74MiB,"Aidia ApS
Nøddehaven 4 Værløse 3500 DK
Website
Email
Phone","June 15, 2024",,2025-04-28 12:56:08
Better Text View,https://chromewebstore.google.com/detail/better-text-view/lgpampdcaamdbdapdembdohcjadnfopg,https://chromewebstore.google.com/user/installed,True,4.3,6,545,6.5.3,951KiB,Email,"April 23, 2025",,2025-04-28 12:56:10
Save to Peech,https://chromewebstore.google.com/detail/save-to-peech/kfndgpmadhjdpkadmaknibdnimohgnfl,https://peechapp.co/,True,5.0,2,1000,1.1.1,80.16KiB,"Andrey Paznyak
Legionow Polskich 14D Marki 05-270 PL
Website
Email
Phone","February 16, 2024",,2025-04-28 12:56:11
Superpower ChatGPT,https://chromewebstore.google.com/detail/superpower-chatgpt/amhmeenmapldpjdedekalnfifgnpfnkc,https://spchatgpt.com/,True,4.4,2500,100000,7.3.11,1.26MiB,"Saeed Ezzati
743 Grand Ave South San Francisco, CA 94080-2554 US
Website
Email
Phone","April 21, 2025",5.0,2025-04-28 12:56:17
Dictee – AI-powered Speech Recognition,https://chromewebstore.google.com/detail/dictee-%E2%80%93-ai-powered-speec/dmonpijkddadafkpihbnhmnmepfnmkmm,https://dictee.io/,False,5.0,2,26,1.0.2,2.59MiB,"Fireflow
Lidická 700/19 Brno 77900 CZ
Website
Email
Phone","March 27, 2025",,2025-04-28 12:56:19
Youtube Dubbing,https://chromewebstore.google.com/detail/youtube-dubbing/oglffgiaiekgeicdgkdlnlkhliajdlja,https://youtube-dubbing.com/,True,4.6,433,90000,2.9.3,2.44MiB,"Website
Email","April 28, 2025",13.0,2025-04-28 12:56:21
Video to Text Converter,https://chromewebstore.google.com/detail/video-to-text-converter/cidmdaifhobhnehnodecmhfhkiahbgii,https://chromewebstore.google.com/user/installed,False,5.0,2,1000,0.0.3,592KiB,Email,"January 20, 2025",52.0,2025-04-28 12:56:23
Note Sidebar,https://chromewebstore.google.com/detail/note-sidebar/emiochiflnnegkecnjndifbobmbepdne,https://www.stefanvd.net/,True,4.4,76,20000,1.0.23,565KiB,"Stefan vd
github.com/turnoffthelights github.com/stefanvd Antwerp 2000 BE
Website
Email","February 20, 2025",55.0,2025-04-28 12:56:25
YouTube Subtitle Reader (AI),https://chromewebstore.google.com/detail/youtube-subtitle-reader-a/aadjbmfnlhoifjbcjjnjjojbmnblpkfb,https://chromewebstore.google.com/user/installed,False,5.0,3,43,1.0.2,103KiB,Email,"April 22, 2025",48.0,2025-04-28 12:56:30
Voice Typer,https://chromewebstore.google.com/detail/voice-typer/piioidjoaoeddcllookbidcghjmjdcha,https://spokenly.app/,False,4.2,5,855,1.1.0,679KiB,"Website
Email","April 17, 2025",51.0,2025-04-28 12:56:32
Read Aloud V2,https://chromewebstore.google.com/detail/read-aloud-v2/jfondhogllnileklpobohmlacncdjlej,https://manankateshiya.com/,False,5.0,1,36,1.1.0,5.54MiB,"Manan Kateshiya
Rajkot 360007 Rajkot, Gujarat 360007 IN
Website
Email","January 31, 2025",,2025-04-28 12:56:34
read-this.ai,https://chromewebstore.google.com/detail/read-thisai/feplidoinpnbiocfcodpnfhipdfnhjbp,https://read-this.ai/,False,5.0,1,515,1.1.7,541KiB,"Read-this.ai
Chem. du Motélon 87 Morlon 1638 CH
Website
Email","June 10, 2024",,2025-04-28 12:56:36
Reader Mode - Natural Reader,https://chromewebstore.google.com/detail/reader-mode-natural-reade/fbmlcbhdmilaggedifpihjgkkmdgeljh,https://reader-view.com/,True,4.4,14,5000,1.2.7,98.28KiB,"Ciao Apps LTD
64 Nile Street London N1 7SR GB
Website
Email
Phone","April 7, 2025",34.0,2025-04-28 12:56:38
Rememberry - Translate and Memorize,https://chromewebstore.google.com/detail/rememberry-translate-and/dipiagiiohfljcicegpgffpbnjmgjcnf,https://chromewebstore.google.com/user/installed,True,4.6,903,100000,0.7.5,608KiB,"Rememberry
Email","July 18, 2024",12.0,2025-04-28 12:56:41
YouTube Subtitle Dubbing and Web Page Reader,https://chromewebstore.google.com/detail/youtube-subtitle-dubbing/hgjcdbncdjkhpmdijaigkmgbkjecpopj,https://chromewebstore.google.com/user/installed,True,4.6,80,9000,1.6.3,378KiB,Email,"January 9, 2025",17.0,2025-04-28 12:56:43
Translator,https://chromewebstore.google.com/detail/translator/icchadngbpkcegnabnabhkjkfkfflmpj,https://chromewebstore.google.com/user/installed,False,4.3,58,100000,1.0.6,1.98MiB,Email,"February 23, 2025",10.0,2025-04-28 12:56:44
XTranslate,https://chromewebstore.google.com/detail/xtranslate/gfgpkepllngchpmcippidfhmbhlljhoo,https://xtranslate.dev/,True,4.5,1600,60000,4.6.2,7.73MiB,"Website
Email","March 18, 2025",18.0,2025-04-28 12:56:48
Image to text with integration of AI (Free),https://chromewebstore.google.com/detail/image-to-text-with-integr/klelakaekpknkoigceadnaaeenffjenm,https://chromewebstore.google.com/user/installed,False,4.7,9,233,0.4.2,2.84MiB,Email,"March 17, 2025",,2025-04-28 12:56:51
SpeechFlow,https://chromewebstore.google.com/detail/speechflow/pominkicmlhfhbcnedcpggfebkhgjgce,https://chromewebstore.google.com/user/installed,False,5.0,7,7,1.0.0,80.29KiB,Email,"February 16, 2025",,2025-04-28 12:56:53
Checker Plus for Gmail™,https://chromewebstore.google.com/detail/checker-plus-for-gmail/oeopbcgkkoapgobdbedcemjljbihmemj,https://jasonsavard.com/,True,4.7,12600,1000000,31.0.5,2.15MiB,"Jason Savard
2088 Belgrave Ave Montreal, QC H4A 2L7 CA
Website
Email
Phone","April 15, 2025",41.0,2025-04-28 12:56:55
Dislexia,https://chromewebstore.google.com/detail/dislexia/hglmojddcocplelfibmkjnnpmgifbkjd,https://chromewebstore.google.com/user/installed,False,5.0,1,1706538,1.2.8,43.35KiB,"Muyinjon Turobov
1753 47th Street Apt#5F Brooklyn, NY 11204 US
Email
Phone","January 9, 2025",,2025-04-28 12:56:57
Reader Mode Premium,https://chromewebstore.google.com/detail/reader-mode-premium/jkpcgkblajgbddhfejnallcmcmdgcghd,https://readermode.io/,False,4.1,11,1000,1.3.2,2.9MiB,"Reader Mode
Number One Pink MediaCityUK Salford M50 2BA GB
Website
Email","November 17, 2022",,2025-04-28 12:56:59
CantoTranslate,https://chromewebstore.google.com/detail/cantotranslate/idagpklnbkefmgdajpopkngfnnjiiadj,https://chromewebstore.google.com/user/installed,False,5.0,4,401,1.4,217KiB,Email,"July 15, 2024",,2025-04-28 12:57:01
Scaffoly: Reading & Writing Accessibility Toolkit,https://chromewebstore.google.com/detail/scaffoly-reading-writing/ifonfkpiahoafgmfjebocgaadgbjbebc,https://scaffoly.com/,True,5.0,4,123,1.1.3,8.99MiB,"Website
Email","February 19, 2025",,2025-04-28 12:57:04
Mouse Tooltip Translator - PDF & Youtube dual subs,https://chromewebstore.google.com/detail/mouse-tooltip-translator/hmigninkgibhdckiaphhmbgcghochdjc,https://chromewebstore.google.com/user/installed,False,4.6,1100,200000,0.1.169,10.62MiB,Email,"April 26, 2025",55.0,2025-04-28 12:57:05
"Blerp - AI TTS, Sound Memes on Streams",https://chromewebstore.google.com/detail/blerp-ai-tts-sound-memes/cniifghobhghnieljgdanjopjnamgfle,https://blerp.com/,True,4.3,20,30000,1.0.7,2.84MiB,"Blerp Inc
8493 S 1275 E Sandy, UT 84094-1363 US
Website
Email
Phone","March 17, 2025",,2025-04-28 12:57:07
Recite,https://chromewebstore.google.com/detail/recite/phfjcdmiejoobfkokhfemoflmaepfdna,https://chromewebstore.google.com/user/installed,False,5.0,1,22,1.1,88.11KiB,Email,"October 30, 2024",,2025-04-28 12:57:09
"Say, Pi",https://chromewebstore.google.com/detail/say-pi/glhhgglpalmjjkoiigojligncepccdei,https://saypi.ai/,True,4.9,30,2000,1.8.1,25.2MiB,"Say, Pi
42 Carton Wood Maynooth, Co. Kildare W23 E4F3 IE
Website
Email","April 12, 2025",32.0,2025-04-28 12:57:11
Element Text Selector,https://chromewebstore.google.com/detail/element-text-selector/ajjdehfgjbdjiinaipdglfppekcnigjd,https://chromewebstore.google.com/user/installed,False,4.0,4,1000,1.0,16.19KiB,,"May 27, 2018",,2025-04-28 12:57:13
Reader Mode Pro,https://chromewebstore.google.com/detail/reader-mode-pro/koddbhkhginnhnfnhgldkampappgmmje,https://readermode.io/,False,4.1,17,2000,1.2.7,2.79MiB,"Reader Mode
Number One Pink MediaCityUK Salford M50 2BA GB
Website
Email","November 14, 2022",,2025-04-28 12:57:16
Smart Reader,https://chromewebstore.google.com/detail/smart-reader/mdblpfgaolbplilccnepmhojjdcnckac,https://chromewebstore.google.com/user/installed,False,5.0,7,50,1.0.3,46.71KiB,"Nilay Fuladi
Dindayal Nagar Nagpur, Maharashtra 440022 IN
Email","March 6, 2025",,2025-04-28 12:57:18
Writetone: AI Writing Assistant & Grammar Fix,https://chromewebstore.google.com/detail/writetone-ai-writing-assi/okhpejcaiodgfaelnakehbldidfajbcb,https://writetone.com/,True,4.8,18,1000,1.9,1.77MiB,"Website
Email","August 12, 2024",,2025-04-28 12:57:20
Read With Me,https://chromewebstore.google.com/detail/read-with-me/faldnhgdjcliknmlnncabndhobjigcel,https://chromewebstore.google.com/user/installed,False,4.0,4,37,1.1.1,136KiB,Email,"May 29, 2024",,2025-04-28 12:57:22
ChatGPT Toolbar Companion,https://chromewebstore.google.com/detail/chatgpt-toolbar-companion/omiclgjkefjdmmmnonhgdgobdldkggdo,https://chromewebstore.google.com/user/installed,True,4.0,8,707,4.0.0.1,132KiB,Email,"May 22, 2024",,2025-04-28 12:57:24
HTML5 Web Speech Recognition,https://chromewebstore.google.com/detail/html5-web-speech-recognit/mlpjjoplnoinecilgblimdnjiijbigef,https://hkgoldenmra.blogspot.com/,False,4.5,2,131,0.0.10,17.36KiB,"Website
Email","July 20, 2019",,2025-04-28 12:57:26
Tab Translate,https://chromewebstore.google.com/detail/tab-translate/khepfpojckhooicloeheemlhcljpjcjg,https://tabtranslate.com/,False,4.5,34,20000,1.3.7,114KiB,"Website
Email","April 7, 2025",51.0,2025-04-28 12:57:28
Speechfire,https://chromewebstore.google.com/detail/speechfire/ehcikcfkjplgancoaapobfmfjhbdomdm,https://chromewebstore.google.com/user/installed,False,5.0,3,30,0.0.1,240KiB,Email,"November 25, 2024",,2025-04-28 12:57:29
SelectionSK,https://chromewebstore.google.com/detail/selectionsk/npohodmlkdednnlbhfegpnhohpgckocf,https://chromewebstore.google.com/user/installed,False,4.4,49,1000,6.0,388KiB,Email,"January 7, 2023",15.0,2025-04-28 12:57:31
"Voila – AI Assistant, Copilot and AI Writer",https://chromewebstore.google.com/detail/voila-%E2%80%93-ai-assistant-copi/cakobppopkpmmglabcdcklncbckjpkcl,https://getvoila.ai/,True,4.7,190,80000,1.7.5,2.75MiB,"Initial condition s.r.o.
Urxova 10 Prague 18600 CZ
Website
Email
Phone","April 10, 2025",7.0,2025-04-28 12:57:33
Accessibility - A Powerful Web Assistant,https://chromewebstore.google.com/detail/accessibility-a-powerful/nnmmmhcflgbendklbhknkkacnjempijd,https://thinkascend.com/,False,4.4,15,4000,1.7.6,3.02MiB,"Website
Email","July 6, 2021",,2025-04-28 12:57:35
BlessingAI,https://chromewebstore.google.com/detail/blessingai/mjaijefbmmliffhdpdbcjpmjnfkhalkc,https://chromewebstore.google.com/user/installed,False,5.0,1,26,0.0.3.53,281KiB,Email,"April 15, 2025",,2025-04-28 12:57:36
Simple Translator,https://chromewebstore.google.com/detail/simple-translator/koleblagfjjlhlkpacidojjnkhobeikd,https://chromewebstore.google.com/user/installed,False,4.9,676,900000,2.12,140KiB,Email,"April 14, 2025",40.0,2025-04-28 12:57:38
Voxscript,https://chromewebstore.google.com/detail/voxscript/ipiickiacjepghmjgidbmghgnjfgcnhf,https://chromewebstore.google.com/user/installed,False,5.0,1,22,1.0,52.19KiB,Email,"April 10, 2025",,2025-04-28 12:57:40
Speak,https://chromewebstore.google.com/detail/speak/kafbpkaodnkapgalobfodcpbioffcngc,https://chromewebstore.google.com/user/installed,False,4.0,2,643,4,19.16KiB,Email,"November 18, 2018",,2025-04-28 12:57:42
GNDL,https://chromewebstore.google.com/detail/gndl/pjpbcblgipdfjcjfefdjjnffpecnpjge,https://chromewebstore.google.com/user/installed,False,5.0,3,168,1.3,23.33KiB,Email,"January 9, 2025",,2025-04-28 12:57:43
Speak YouTube Subtitles,https://chromewebstore.google.com/detail/speak-youtube-subtitles/mojdldfaanaemjappfhjppledfdllhcd,https://chromewebstore.google.com/user/installed,False,5.0,1,8,1.0,124KiB,Email,"April 21, 2025",,2025-04-28 12:57:45
autoTranslate - translate sites & dictionary,https://chromewebstore.google.com/detail/autotranslate-translate-s/jdanedhdmcbkheljojpdcnonnbdbohng,https://webrail.site/,False,4.7,14,4000,0.0.13,172KiB,"ANIL KUMAR
A102 Ground Floor, paryawaran complex saiddullajab New Delhi, Delhi 110030 IN
Website
Email
Phone","December 6, 2024",28.0,2025-04-28 12:57:47
Boostlingo AI Pro,https://chromewebstore.google.com/detail/boostlingo-ai-pro/ddinoamehhalilejjfihecaophddngkl,https://chromewebstore.google.com/user/installed,False,5.0,2,166,0.14,52.16KiB,"Boostlingo, LLC
98 San Jacinto Boulevard Austin, TX 78701 US
Email
Phone","December 7, 2023",,2025-04-28 12:57:49
3asyR,https://chromewebstore.google.com/detail/3asyr/knijgomkfcdigmbogcnffcbfgmapmkca,https://3asyr.com/,False,4.3,19,91,2.1.1,3.3MiB,"Website
Email","April 16, 2023",,2025-04-28 12:57:51
"Translate for Chrome -Translator, Dictionary",https://chromewebstore.google.com/detail/translate-for-chrome-tran/elpmkbbdldhoiggkjfpgibmjioncklbn,https://chromewebstore.google.com/user/installed,True,4.7,595,500000,1.0.3,778KiB,Email,"January 22, 2025",27.0,2025-04-28 12:57:54
YoutubeDigest: summarize and translate using ChatGPT,https://chromewebstore.google.com/detail/youtubedigest-summarize-a/agjkjablkiapmpbeglmdcmhnihlofija,https://youtubedigest.app/,True,4.2,347,70000,2.4.1.1,46.82MiB,"Website
Email","July 2, 2024",25.0,2025-04-28 12:57:57
ChatGPT for Amazon with GPT4 Shulex Copilot,https://chromewebstore.google.com/detail/chatgpt-for-amazon-with-g/fchbhcjlkcdchcaklpkdofllfoimelgb,https://voc.ai/,True,4.6,121,70000,1.9.1,3.4MiB,"Website
Email","April 10, 2025",13.0,2025-04-28 12:57:59
Transcript Buddy,https://chromewebstore.google.com/detail/transcript-buddy/adaoiiikcobflklahmbnopagapnckbpi,https://chromewebstore.google.com/user/installed,False,5.0,2,134,2.1,458KiB,"IcommuneTech
A-1108, SUN WEST BANK, ASHRAM ROAD Ahmedabad, Gujarat 380009 IN
Email","November 4, 2024",,2025-04-28 12:58:00
Lexsee - AI Language and Reading Companion,https://chromewebstore.google.com/detail/lexsee-ai-language-and-re/godakhabdfamhehfdkmbddhlpijmiobk,https://lexsee.ai/,False,5.0,7,97442195,0.3.3,1.53MiB,"The Lexsee Reading Company ApS
Havneholmen 62, 1 th København 1561 DK
Website
Email
Phone","October 29, 2024",,2025-04-28 12:58:02
Quick Translate - AI Learning Assistant,https://chromewebstore.google.com/detail/quick-translate-ai-learni/lpoljgbmkbhhdpihhcfpkekfncjibobh,https://chromewebstore.google.com/user/installed,True,4.8,36,997,2.0.1,280KiB,Email,"January 22, 2025",,2025-04-28 12:58:04
Listen,https://chromewebstore.google.com/detail/listen/ldeddijiebddhpfbjjhhpmnfgapaelgh,https://chromewebstore.google.com/user/installed,False,4.7,3,203,1.0.0,22.55KiB,Email,"June 28, 2024",,2025-04-28 12:58:06
Speak to Lichess,https://chromewebstore.google.com/detail/speak-to-lichess/ldiiocggpmgljihlkgpngjlhnggpapig,https://chromewebstore.google.com/user/installed,True,4.3,10,649,2.1.3,108KiB,Email,"January 13, 2022",,2025-04-28 12:58:08
Dr. Read,https://chromewebstore.google.com/detail/dr-read/lkcdaeebcobbkbfgcgcciphmoolcijlf,https://drread.com/,False,5.0,37,95,1.1.7,4.56MiB,"Skilldome corp.
1004 N. Ogden Dr. 1/2 West Hollywood, CA 90046 US
Website
Email
Phone","March 15, 2025",,2025-04-28 12:58:11
LinghuBros Reader,https://chromewebstore.google.com/detail/linghubros-reader/okgffdhpnikhbmpieeefjbkjmfbffehp,https://www.linghuxiong.com/,True,4.7,34,2000,2.2.4,8.18MiB,"企业
清江东路温哥华广场2601 成都市, 四川省 610007 CN
Website
Email","April 9, 2025",13.0,2025-04-28 12:58:13
Whisper AI,https://chromewebstore.google.com/detail/whisper-ai/pdpligjdfmccnnnajnihmlbgnbkfdpdo,https://chromewebstore.google.com/user/installed,False,4.0,2,137,3.0,4.46MiB,Email,"April 11, 2025",52.0,2025-04-28 12:58:15
FluentAI: Dual Subtitles for Netflix & more,https://chromewebstore.google.com/detail/fluentai-dual-subtitles-f/hbghjfaenddmdpbkobgdcgkmcdcdjjko,https://fluentai.pro/,True,4.4,45,3000,2025.43,34.05MiB,"Website
Email","March 24, 2025",53.0,2025-04-28 12:58:17
Video to Text,https://chromewebstore.google.com/detail/video-to-text/fnnjdcbkpadiklnhgeeamibhncnindhl,https://videototxt.com/,False,5.0,1,22,1.0.4,17.84MiB,"Website
Email","April 24, 2025",52.0,2025-04-28 12:58:18
Part of Speech Identifier,https://chromewebstore.google.com/detail/part-of-speech-identifier/oimigldckaamflcomakgjkkkahfopfkm,https://part-of-speech-tool.info/,False,5.0,2,79,1.2.5,122KiB,"Website
Email","December 1, 2024",9.0,2025-04-28 12:58:20
AI Voice Generator,https://chromewebstore.google.com/detail/ai-voice-generator/fafbbodhbmmbabbepahkpbkphpejlhmh,https://kharagedition.com/,False,5.0,2,91,0.0.7,777KiB,"Website
Email","October 29, 2024",,2025-04-28 12:58:22
"Kimavi: Generate Step-by-Step How-To Guides, Videos, and GIFs",https://chromewebstore.google.com/detail/kimavi-generate-step-by-s/kcleenakjlelbmchbkfpgoldgglhdpne,https://kimavi.com/,False,5.0,5,79,1.0.8.29,702KiB,"Kalpit Jain
4463 Openmeadow Court San Jose, CA 95129 US
Website
Email
Phone","December 18, 2024",,2025-04-28 12:58:24
Trainn,https://chromewebstore.google.com/detail/trainn/holcgkoaafmeehahhkpmpidmmdmbokfo,https://trainn.co/,False,4.3,6,1000,2.0.0,2.09MiB,"Guider Labs, Inc.
300 Delaware Ave Wilmington, DE 19801-1607 US
Website
Email
Phone","September 29, 2024",,2025-04-28 12:58:26
Ainisa - All in One AI Agent,https://chromewebstore.google.com/detail/ainisa-all-in-one-ai-agen/cbadppodjainlellnjfnjahpfboladob,https://ainisa.com/,False,4.8,39,321,4.4.0,40.34MiB,"Website
Email","April 10, 2025",,2025-04-28 12:58:30
Curateit,https://chromewebstore.google.com/detail/curateit/hhofkocnlefejficdipgkefgfmnenpbk,https://curateit.com/,False,4.6,13,334,8.0.0,15.58MiB,"Website
Email","February 13, 2025",,2025-04-28 12:58:33
Dyslens,https://chromewebstore.google.com/detail/dyslens/mpbkfbafkpkbpmgdcgkmonpfnodgfepo,https://richmondcroft.com/,True,5.0,3,356,1.0.7,1.12MiB,"Richmond Croft
Wingate Road Wingate Road London W6 0UY GB
Website
Email","March 22, 2023",,2025-04-28 12:58:35
Transync: Instant Translation & Dictionary,https://chromewebstore.google.com/detail/transync-instant-translat/ecdcnaegedhdbeaiienfjajimlofocbi,https://chromewebstore.google.com/user/installed,False,5.0,6,69,1.2.1,292KiB,Email,"November 14, 2024",,2025-04-28 12:58:36
Dyslexico Chrome Extension,https://chromewebstore.google.com/detail/dyslexico-chrome-extensio/pmpbmdhfeodffagambmfjcbfekofenjg,https://chromewebstore.google.com/user/installed,False,5.0,4,98086273,1.6,2.82MiB,"Bridget Peterkin
15712 Shamrock Road Omaha, NE 68118 US
Email
Phone","December 23, 2024",,2025-04-28 12:58:38
Language bridge – instant online translation,https://chromewebstore.google.com/detail/language-bridge-%E2%80%93-instant/nemnbfdhbeigohoicapnbdecdlkcpmpj,https://chromewebstore.google.com/user/installed,False,5.0,1,275,0.2.2,110KiB,Email,"February 19, 2025",20.0,2025-04-28 12:58:41
EX-PLAIN,https://chromewebstore.google.com/detail/ex-plain/pnnnendcdcmikcamnkloompaakaphnib,https://chromewebstore.google.com/user/installed,False,5.0,1,98073360,1.0.1,129KiB,"Oleksii Malikov
Hermann-Löns-Straße 12 Wiesloch 69168 DE
Email
Phone","March 14, 2025",,2025-04-28 12:58:46
"DeepSeek Royal - Voice, Custom Prompts, Languages and More",https://chromewebstore.google.com/detail/deepseek-royal-voice-cust/glldmkiljhakjlkkkdpnhlifkbhlopfa,https://chromewebstore.google.com/user/installed,False,4.7,3,476,1.2.2,257KiB,Email,"February 28, 2025",,2025-04-28 12:58:47
Websites Accessibility,https://chromewebstore.google.com/detail/websites-accessibility/aefndakodjcaapnmofhkmdbkabghakgn,https://chromewebstore.google.com/user/installed,False,5.0,2,240,3.0.96,24.44KiB,Email,"July 23, 2022",,2025-04-28 12:58:49
Dyslexicon,https://chromewebstore.google.com/detail/dyslexicon/cbppfdnlceepnmjcfomnlomiaddahonn,https://chromewebstore.google.com/user/installed,False,4.5,2,5,0.0.2,24.16KiB,Email,"May 25, 2022",,2025-04-28 12:58:51
Meme Soundboard,https://chromewebstore.google.com/detail/meme-soundboard/gncmnedemogangodiljmfmlbndnchlnm,https://www.memesoundboard.com/,True,4.6,268,40000,4.0,1.3GiB,"Website
Email","June 28, 2024",,2025-04-28 12:58:53
AITREE - AI Tools Hub,https://chromewebstore.google.com/detail/aitree-ai-tools-hub/ndgomcamkdngodpaahnmommojckolclj,https://chromewebstore.google.com/user/installed,False,5.0,3,813,1.4,256KiB,Email,"January 7, 2025",,2025-04-28 12:58:56
Highlights AI: Simplify reading with ChatGPT,https://chromewebstore.google.com/detail/highlights-ai-simplify-re/kbihopcfiikdglbglliomopclpgdedoh,https://highlights.page/,True,5.0,2,147,0.6.0,718KiB,"Website
Email","June 13, 2023",,2025-04-28 12:58:59
YouTube Translator,https://chromewebstore.google.com/detail/youtube-translator/blgieikhceidebnbbnhfgbidplpnoaho,https://chromewebstore.google.com/user/installed,False,5.0,4,29,1.0,254KiB,Email,"March 28, 2025",,2025-04-28 12:59:01
LumiRead,https://chromewebstore.google.com/detail/lumiread/efaokfmfhikkofofjdcplbnolpgklcic,https://chromewebstore.google.com/user/installed,False,5.0,3,4,1.0.2,1.41MiB,Email,"April 28, 2025",,2025-04-28 12:59:02
Dyslexic Browser,https://chromewebstore.google.com/detail/dyslexic-browser/gflobokeglbgdhdelipppigfncpnfgbh,https://foureyedjimmy.com/,True,4.5,13,98012752,2.2.0,476KiB,"Website
Email","March 25, 2023",,2025-04-28 12:59:04
Translation Comparison,https://chromewebstore.google.com/detail/translation-comparison/kicpmhgmcajloefloefojbfdmenhmhjf,https://about.imtranslator.net/,False,4.4,110,30000,10.2,2.14MiB,"Website
Email","November 7, 2023",25.0,2025-04-28 12:59:07
Voice To DeepSeek,https://chromewebstore.google.com/detail/voice-to-deepseek/ofgclacikleghhcogobkchhfgeecoonp,https://chromewebstore.google.com/user/installed,False,4.9,7,165,1.3,160KiB,Email,"January 31, 2025",,2025-04-28 12:59:08
Speak,https://chromewebstore.google.com/detail/speak/abjobfgiocjlghollhohcgcnjaoghcmk,https://chromewebstore.google.com/user/installed,True,4.5,2,180,1.0,3.23KiB,Email,"May 1, 2023",,2025-04-28 12:59:11
Video Translator - Translate Video & Voice online,https://chromewebstore.google.com/detail/video-translator-translat/ofhkcffhkdhjpnpplihikdpkcpailpnc,https://www.livepolls.app/chrome_addons,True,4.0,380,50000,4.8.9,942KiB,"Website
Email","April 26, 2025",54.0,2025-04-28 12:59:12
Google Transcribe & Summarize Live,https://chromewebstore.google.com/detail/google-transcribe-summari/dgijgfdodcankfloblhnngmlkdaahbco,https://meetxcc.app/,True,4.8,22,3000,1.0.49,187KiB,"LIN, YU-TUNG
1304 ELM Ave, APT 16 SAN GABRIEL, CA 91775 US
Website
Email
Phone","April 19, 2025",15.0,2025-04-28 12:59:14
Pristine: Reader for Chromium Browsers,https://chromewebstore.google.com/detail/pristine-reader-for-chrom/cokccpndjbnjleiglibpmkoieekapbbh,https://chromewebstore.google.com/user/installed,False,5.0,2,57,1.0.0,1.42MiB,Email,"October 20, 2024",,2025-04-28 12:59:16
ASKGPT,https://chromewebstore.google.com/detail/askgpt/amigdhjjcecdkgfeajdlgpejminlfhok,https://chromewebstore.google.com/user/installed,False,5.0,1,30,1.0.4,78.95KiB,Email,"May 17, 2023",,2025-04-28 12:59:18
Reader View,https://chromewebstore.google.com/detail/reader-view/fachffmaagpajehggpkaigkacdjhkkdn,https://readerview.freeonlineapps.net/,True,4.7,105,10000,3.0.0,350KiB,"Website
Email","October 31, 2023",40.0,2025-04-28 12:59:20
Power Thesaurus,https://chromewebstore.google.com/detail/power-thesaurus/hhnjkanigjoiglnlopahbbjdbfhkndjk,https://powerthesaurus.org/,True,4.5,450,100000,4.2.5,3.52MiB,"Power Thesaurus
2633 Gold Coast Hwy Broadbeach, QLD 4218 AU
Website
Email","April 15, 2025",,2025-04-28 12:59:24
Mirinae for Chrome,https://chromewebstore.google.com/detail/mirinae-for-chrome/nagkhplkbmnpanjfjpoepjmikmegcihp,https://chromewebstore.google.com/user/installed,False,4.4,14,781,0.9.5,231KiB,Email,"September 2, 2021",,2025-04-28 12:59:26
ChirpTTS,https://chromewebstore.google.com/detail/chirptts/medoheipfnhegpaohjdmlicpcilieglb,https://chirptts.vercel.app/,False,5.0,4,19,1.0,74.92KiB,"Website
Email","June 7, 2024",,2025-04-28 12:59:28
Pronunciation,https://chromewebstore.google.com/detail/pronunciation/nnbidmodmbkejgpldfcoefhpioggghba,https://chromewebstore.google.com/user/installed,False,4.0,4,1000,1.0,8.94KiB,Email,"August 11, 2018",,2025-04-28 12:59:29
AI Companion,https://chromewebstore.google.com/detail/ai-companion/fdjaldimficjpblmcfjblmphjebdnbpp,https://chromewebstore.google.com/user/installed,False,5.0,1,3,2.1,141KiB,Email,"January 7, 2025",,2025-04-28 12:59:31
Read Easy,https://chromewebstore.google.com/detail/read-easy/nnfkkakpbcbbbjiiiieocdeoomoepmja,https://giteshdalal.com/,False,4.2,5,286,1.2.0,1.77MiB,"Website
Email","September 6, 2020",,2025-04-28 12:59:33
Repeet - translate and learn with flashcards,https://chromewebstore.google.com/detail/repeet-translate-and-lear/ecgilihpikediiegakjggmoalhcmmbfi,https://repeet.app/,False,5.0,7,209,1.1.2,157KiB,"Website
Email","April 27, 2025",,2025-04-28 12:59:34
Vizam - Screenshot & Video capture tool,https://chromewebstore.google.com/detail/vizam-screenshot-video-ca/eclnikmacpcandpbfjkjgnoicmlpkkdj,https://vizam.ai/,True,4.8,62,1000,4.0.4,27.49MiB,"VIVIDMINDS TECHNOLOGIES PRIVATE LIMITED
8-2-293/82/A/379 and 379/A, Plot No.379, Road No.10, Jubilee Hills Hyderabad, Telangana 500033 IN
Website
Email
Phone","March 19, 2025",,2025-04-28 12:59:36
WebForAll,https://chromewebstore.google.com/detail/webforall/ppbogfemkhicpfpoblfgccpaaikhoooj,https://chromewebstore.google.com/user/installed,False,5.0,3,13,1.0,85.85KiB,Email,"June 15, 2024",,2025-04-28 12:59:38
"Definio: Multi-modal AI Copilot - Claude3 Opus, ChatGPT 4o, Gemini 1.5 Pro",https://chromewebstore.google.com/detail/definio-multi-modal-ai-co/ajnhebfhendphbllebbijfdfnnakcgll,https://definio.org/,True,4.9,31,2000,2.2.6,576KiB,"Website
Email","June 11, 2024",,2025-04-28 12:59:42
OpenAsks: Social Platform for AI Chats,https://chromewebstore.google.com/detail/openasks-social-platform/iddkpnigloakgolnccedcnmadbalibnl,https://openasks.com/,False,5.0,1,22,1.1.6,479KiB,"Website
Email","January 5, 2024",,2025-04-28 12:59:45
Social Stream Ninja,https://chromewebstore.google.com/detail/social-stream-ninja/cppibjhfemifednoimlblfcmjgfhfjeg,https://socialstream.ninja/,False,5.0,7,5000,3.9.8,22.91MiB,"Website
Email","January 18, 2025",,2025-04-28 12:59:46
ChatGPT Voice Master,https://chromewebstore.google.com/detail/chatgpt-voice-master/enfppaopagmlfmfpkfilnnoojkcclnom,https://wrt.qhkly.com:18443/,False,4.1,44,4000,2.5.2,7.86MiB,"Website
Email","August 26, 2024",52.0,2025-04-28 12:59:48
LingKuma - Language Learning,https://chromewebstore.google.com/detail/lingkuma-language-learnin/denpakphibjnpnnkcnhiniicbffdamfh,https://lingkuma.org/,False,5.0,2,28,0.9.63,15.4MiB,"Website
Email","April 27, 2025",,2025-04-28 12:59:50
AI Voice,https://chromewebstore.google.com/detail/ai-voice/cmjcclkobjffgdeefejdpjhoglokamcm,https://chromewebstore.google.com/user/installed,True,5.0,2,463,1.1.1,1.19MiB,Email,"June 11, 2023",,2025-04-28 12:59:52
Chinese Popup Dictionary - Mandarin & Cantonese,https://chromewebstore.google.com/detail/chinese-popup-dictionary/hnghjfeadioghjpcfpanoaphckiimpdl,https://chromewebstore.google.com/user/installed,False,5.0,1,199,2.0.4,5.76MiB,Email,"December 3, 2024",,2025-04-28 12:59:53
Coding Shout,https://chromewebstore.google.com/detail/coding-shout/nggokghmfinpljihgjkkbogpgbbjjjme,https://rishiraj.me/,False,4.0,9,367,1.7,13.94KiB,Website,"January 16, 2019",,2025-04-28 12:59:57
ScreenPal - Screen Recorder & Video Editor,https://chromewebstore.google.com/detail/screenpal-screen-recorder/eefedolmcildfckjamddopaplfiiankl,https://screenpal.com/,True,4.3,499,100000,3.1.7,21.44MiB,"Big Nerd Software, LLC
4244 university way ne unit 45085 SEATTLE, WA 98145 US
Website
Email
Phone","April 18, 2025",,2025-04-28 12:59:59
"There, I Saved You A Minute! - AI Web Summarizer",https://chromewebstore.google.com/detail/there-i-saved-you-a-minut/gkdifhfnmifllojmoegfhkhfkhkjeaao,https://owensingh.com/,False,5.0,4,50,1.2,765KiB,"Website
Email","September 19, 2024",,2025-04-28 13:00:02
Read Speaker Pro,https://chromewebstore.google.com/detail/read-speaker-pro/nchlibjhbopkoanfpenlpmmnhmkmcnko,https://chromewebstore.google.com/user/installed,False,5.0,9,67,0.1.6,954KiB,Email,"August 19, 2023",,2025-04-28 13:00:04
Accent Remover via AI,https://chromewebstore.google.com/detail/accent-remover-via-ai/iljeeonnclfchkmlicaikgfncjnlpccd,https://chromewebstore.google.com/user/installed,False,5.0,3,15,1.0,48.8KiB,Email,"August 22, 2024",,2025-04-28 13:00:06
KAPolyglott,https://chromewebstore.google.com/detail/kapolyglott/okdfmpojjligcllicjkpioaoaagmbgfi,https://www.kadeutsch.org/,False,4.0,1,17,0.0.3,1018KiB,Website,"November 6, 2016",,2025-04-28 13:00:08
Motivational Quotes,https://chromewebstore.google.com/detail/motivational-quotes/ljhoogbfimpodcklbgflpfllfdoncakl,https://chromewebstore.google.com/user/installed,False,5.0,1,16,2.0,20.62KiB,Email,"October 12, 2021",,2025-04-28 13:00:10
English Hindi English Dictionary,https://chromewebstore.google.com/detail/english-hindi-english-dic/bjlegmanlfckekanijakdoeedcjlihbn,https://www.kodand.com/,True,4.2,42,5000,1.33,60.9KiB,"CHLAMYS SOFTWARE
16-165 CHANDRABHAGA HOUSING, NR R H PATEL COLLAGEx NAVAVADAJ AHMEDABAD, Gujarat 380013 IN
Website
Email
Phone","April 28, 2023",3.0,2025-04-28 13:00:12
Inkah: Chinese & Korean Pop-up Dictionary,https://chromewebstore.google.com/detail/inkah-chinese-korean-pop/pcgmedbmchghfgikplcimdmfldfnecec,https://inkah.com/,False,4.9,93,4000,1.0.43,27.17MiB,"Inkah
638 E. Calaveras St. Altadena, CA 91001 US
Website
Email","December 15, 2022",2.0,2025-04-28 13:00:14
Mandarin + Cantonese Dictionary,https://chromewebstore.google.com/detail/mandarin-+-cantonese-dict/aoofnmlljjgifabglpelnbmipdfnfflk,https://chromewebstore.google.com/user/installed,False,4.8,5,838,1.1.0,5.6MiB,Email,"December 5, 2024",,2025-04-28 13:00:15
Ajax spoke,https://chromewebstore.google.com/detail/ajax-spoke/mlfjajnopgpgoiddelildfacenmjcggl,https://chromewebstore.google.com/user/installed,False,5.0,1,98073360,0.1.0,21.34KiB,Email,"February 11, 2021",,2025-04-28 13:00:19
Lexirise,https://chromewebstore.google.com/detail/lexirise/jgdmlfflhbchhplodfjagfeojnkkdpak,https://lexirise.app/,False,5.0,2,172,0.0.19,456KiB,"Cold Start Ventures Limited
Website
Email
Phone","April 20, 2025",,2025-04-28 13:00:20
Voice Memo,https://chromewebstore.google.com/detail/voice-memo/lghbhnljikpppempjhbbibflaeeomibb,https://chromewebstore.google.com/user/installed,False,5.0,2,60,1.0.0,511KiB,Email,"January 29, 2025",52.0,2025-04-28 13:00:23
Unalengua IPA Translator,https://chromewebstore.google.com/detail/unalengua-ipa-translator/cgdbpnmhhkgaaahpmgmmibiifdegidbl,https://unalengua.com/,False,4.8,9,1000,1.1.0,13.04KiB,"Website
Email","November 8, 2021",2.0,2025-04-28 13:00:25
Word Count: Live Metrics for Writers,https://chromewebstore.google.com/detail/word-count-live-metrics-f/onoekoikfmfgfgphonmjbbejfaikdpnj,https://chromewebstore.google.com/user/installed,False,4.0,1,1000,0.0.1,69.95KiB,"AHREFS PTE. LTD.
Email
Phone","March 23, 2025",,2025-04-28 13:00:27
Needyu.ai Meeting Copilot,https://chromewebstore.google.com/detail/needyuai-meeting-copilot/coodimfakiflhbhkidbkpobpgbconpel,https://needyu.ai/,False,4.9,42,344,0.0.33,8.9MiB,"Website
Email","March 11, 2025",14.0,2025-04-28 13:00:29
FriendlyAI,https://chromewebstore.google.com/detail/friendlyai/aebhpcapgfcflffapbglmfebclbdfpbm,https://chromewebstore.google.com/user/installed,False,5.0,2,3,1.1,1.78MiB,"智能语言助手
1445 Churchill Ct Mundelein, IL 60060 US
Email","January 7, 2025",,2025-04-28 13:00:31
Duopad,https://chromewebstore.google.com/detail/duopad/hklemofalchmincbooielhgilnngnnak,https://chromewebstore.google.com/user/installed,False,5.0,6,17,1.1,14.29KiB,Email,"April 5, 2024",,2025-04-28 13:00:32
meetXcc: AI Meeting Notes for Google Meet,https://chromewebstore.google.com/detail/meetxcc-ai-meeting-notes/nhomcdhhlpjelhmjppkcdhoejehbkodd,https://meetxcc.com/,True,4.9,101,3000,1.0.49,188KiB,"LIN, YU-TUNG
1304 ELM Ave, APT 16 SAN GABRIEL, CA 91775 US
Website
Email
Phone","April 19, 2025",15.0,2025-04-28 13:00:34
Blody,https://chromewebstore.google.com/detail/blody/iobgoedfopajpjfficjcbdkebjagkppl,https://chromewebstore.google.com/user/installed,False,5.0,2,93841507,1.4.4,34.92KiB,Email,"March 13, 2025",,2025-04-28 13:00:36
Earnings Week,https://chromewebstore.google.com/detail/earnings-week/cjnkdaphehamgmolainnnnlljngkecnm,https://earningsahead.com/,False,4.0,4,47,0.8.2,780KiB,"Website
Email","May 15, 2022",,2025-04-28 13:00:38
Cantonese Helper,https://chromewebstore.google.com/detail/cantonese-helper/jfincemdopkabfjdjbhekkblihbbpdpn,https://chromewebstore.google.com/user/installed,False,5.0,2,118,2.2.0,2.81MiB,Email,"December 4, 2024",4.0,2025-04-28 13:00:40
InstaLingua,https://chromewebstore.google.com/detail/instalingua/nffpiemmlffilpllflcngbndhahoghhl,https://chromewebstore.google.com/user/installed,False,5.0,1,2,1.0.4,176KiB,Email,"November 21, 2024",,2025-04-28 13:00:42
Groq Toolbox,https://chromewebstore.google.com/detail/groq-toolbox/jlmjkhdkkicnolgengjjgjecbealgelb,https://chromewebstore.google.com/user/installed,False,4.5,2,85,3.20,2.45MiB,Email,"January 30, 2025",,2025-04-28 13:00:44
WebStylus,https://chromewebstore.google.com/detail/webstylus/bkofepamgipmidolgcfajlaclgnfmpij,https://chromewebstore.google.com/user/installed,True,5.0,2,19,1.0,80.23KiB,Email,"January 5, 2025",,2025-04-28 13:00:46
Beyond Meet for Google Meet,https://chromewebstore.google.com/detail/beyond-meet-for-google-me/ibkpaabpalfgeiklbphhmgenfjfcijil,https://beyondmeet.app/,False,4.2,38,10000,3.5.7,1.98MiB,"Centroid Global Solutions LLC
30 N Gould St ste r Sheridan, WY 82801-6317 US
Website
Email","December 24, 2024",3.0,2025-04-28 13:00:49
SeaMeet: Take ChatGPT Meeting Note Real-Time,https://chromewebstore.google.com/detail/seameet-take-chatgpt-meet/gkkhkniggakfgioeeclbllpihmipkcmn,https://meet.seasalt.ai/,True,5.0,7,8000,0.16,8.18MiB,"Seasalt AI, Inc
2439 152nd Ave NE Redmond, WA 98052-5573 US
Website
Email","March 28, 2025",2.0,2025-04-28 13:00:50
WordFusion,https://chromewebstore.google.com/detail/wordfusion/jchoghihefchfjocdphokfdfpnhcgckn,https://chromewebstore.google.com/user/installed,False,4.8,6,9,1.0.1,111KiB,Email,"January 2, 2025",,2025-04-28 13:00:53
Simply Explain,https://chromewebstore.google.com/detail/simply-explain/dniaccpjhpbffgaijaiidbogajlmlkjl,https://simply-explain.com/,False,5.0,2,5,1.3,1.64MiB,"Website
Email","December 25, 2023",,2025-04-28 13:00:55
Patsa - AI-powered Meeting Copilot,https://chromewebstore.google.com/detail/patsa-ai-powered-meeting/pnhmmhieodnagejlokknhmhbmfpgohnn,https://patsa.io/,True,5.0,1,34,1.1.4,227KiB,"Website
Email","July 7, 2024",,2025-04-28 13:00:57
PromptGPT - Speak/Listen/GPTify,https://chromewebstore.google.com/detail/promptgpt-speaklistengpti/fbkbjengbpomphchgdapecgkmepkalfg,https://chromewebstore.google.com/user/installed,False,4.8,5,11,0.0.1,234KiB,"SheRAZ
BMP, Gaggoo, Pakistan Burewala 61000 PK
Email","July 13, 2023",,2025-04-28 13:01:00
Live Captions,https://chromewebstore.google.com/detail/live-captions/ckpgjpenbhnkhcalechemlifbcinneen,https://chromewebstore.google.com/user/installed,False,4.4,13,7000,1.4.2.0,42.53KiB,Email,"August 23, 2024",,2025-04-28 13:01:02
Free ChatGPT assistant,https://chromewebstore.google.com/detail/free-chatgpt-assistant/dpniggcejlljblpiccphofhblddgjikb,https://voice-assistant.app/,False,5.0,1,743,0.0.17,1.16MiB,"Website
Email","January 26, 2024",53.0,2025-04-28 13:01:04
Jisū,https://chromewebstore.google.com/detail/jis%C5%AB/dgnmohofbgnaacababkedheeannmdohi,https://chromewebstore.google.com/user/installed,False,5.0,3,1000,3.5.1,88.23KiB,Email,"February 3, 2025",2.0,2025-04-28 13:01:05
BFG,https://chromewebstore.google.com/detail/bfg/bcfegimgkdblghojodoknhgopoagbnek,https://chromewebstore.google.com/user/installed,False,5.0,1,4,2.1,28.53KiB,Email,"July 25, 2021",,2025-04-28 13:01:07
TranscribeFlow,https://chromewebstore.google.com/detail/transcribeflow/cmdjoakdcogianplocglngnmmkmemiml,https://chromewebstore.google.com/user/installed,False,4.0,4,6,1.1,3.67MiB,Email,"April 15, 2025",,2025-04-28 13:01:09
Content Simplifier,https://chromewebstore.google.com/detail/content-simplifier/fclaklhenhiibhccfbhenekaamdamagf,https://bencium.io/,False,5.0,1,24,1.0,7.34KiB,"Bencium Limited
50 St. Marys Road Gaddesden Row Hemel Hempstead HP2 5HL GB
Website
Email
Phone","September 1, 2024",,2025-04-28 13:01:11
"Araka: Synthesis, Recognition & Translation",https://chromewebstore.google.com/detail/araka-synthesis-recogniti/caeeeokdgoefcplanfgmakcjbchjpfgj,https://araka.pro/,False,4.5,2,79,0.7.58,1023KiB,"Araka
anosibe antananarivo 101 MG
Website
Email","March 4, 2023",,2025-04-28 13:01:12
"MeetMemos - Summarize Meetings, Audio & Video",https://chromewebstore.google.com/detail/meetmemos-summarize-meeti/bbanbddkcglclmijfphfidoeempjkhap,https://meetmemos.com/,False,5.0,2,162,1,424KiB,"Salavat Shirgaleev
1 Ave at Port Imperial apt 1327 West New York, NJ 07093 US
Website
Email","July 27, 2024",,2025-04-28 13:01:15
"Super Grok - Voice, Custom Prompts, Languages and More",https://chromewebstore.google.com/detail/super-grok-voice-custom-p/lbkmgopmbbpcnggenkajdlfcpdjgpben,https://chromewebstore.google.com/user/installed,False,4.7,3,410,2.9.0,1.66MiB,Email,"April 27, 2025",,2025-04-28 13:01:18
AI Buffet - AI Article & Graphics Generator,https://chromewebstore.google.com/detail/ai-buffet-ai-article-grap/ajnjekapaldfbddhnollnbidnfmokckh,https://aibuffet.io/,False,5.0,2,35,1.0.1,27.95KiB,"W3 Eden, Inc.
D59, Road #1, Lane #4, Block D, Kalpolok Residential Area D59 Chattogram 4000 BD
Website
Email","January 2, 2024",,2025-04-28 13:01:21
Ribbing Reader,https://chromewebstore.google.com/detail/ribbing-reader/ipilhfnbdkfbnbnahplmimdilodohknp,https://www.ribbingreader.com/,False,4.5,2,72,1.0.11,25.57KiB,"Website
Email","October 17, 2017",,2025-04-28 13:01:23
Guinbox Notepad,https://chromewebstore.google.com/detail/guinbox-notepad/bcmjijbjmjjeochnoiccnnhnenhoeegh,https://www.guinbox.com/,False,5.0,2,70,1.3.0,203KiB,"GuinBox
65 N Broad St Middletown, DE 19709-1033 US
Website
Email","October 4, 2017",,2025-04-28 13:01:24
gimana2 - An In-Browser Transcriber,https://chromewebstore.google.com/detail/gimana2-an-in-browser-tra/jjimapgkdlppcjghhfpciikmabkbclpi,https://chromewebstore.google.com/user/installed,False,5.0,1,98073360,1.1,1.56MiB,Email,"January 31, 2022",,2025-04-28 13:01:26
aday語音報讀,https://chromewebstore.google.com/detail/aday%E8%AA%9E%E9%9F%B3%E5%A0%B1%E8%AE%80/genhbfcaempmppmoonblekidkagafkio,https://chromewebstore.google.com/user/installed,False,5.0,1,782,2.4,16.06KiB,"苗栗市文華國小
恭敬路76巷22號 苗栗市, 台灣省 360 台灣
Email","June 24, 2021",,2025-04-28 13:01:29
Chatquick.co: Boost your performance with 1 Million+ Advanced Prompts,https://chromewebstore.google.com/detail/chatquickco-boost-your-pe/edeimenbfmmlfijkjbkpljphioflnhca,https://chromewebstore.google.com/user/installed,False,4.5,2,5,1,590KiB,"Drovemedia LLC
30 N Gould St Ste R Sheridan, WY 82801-6317 US
Email
Phone","January 20, 2025",,2025-04-28 13:01:31
Trust Guard AI,https://chromewebstore.google.com/detail/trust-guard-ai/ljmnjkpbcejpieihlefjcknnjlopiijb,https://chromewebstore.google.com/user/installed,False,5.0,3,2,1.0,125KiB,Email,"April 8, 2025",,2025-04-28 13:01:34
FLOW PAGE,https://chromewebstore.google.com/detail/flow-page/pmllgabdigdpcaepkejmnbecchbhnbmp,https://chromewebstore.google.com/user/installed,False,4.5,2,175,1.1.6,156KiB,Email,"January 28, 2024",4.0,2025-04-28 13:01:36
FairyNote 2 - YouTube章节时间点生成器,https://chromewebstore.google.com/detail/fairynote-2-youtube%E7%AB%A0%E8%8A%82%E6%97%B6%E9%97%B4%E7%82%B9%E7%94%9F/pigkjlnalmacoimgiiipgkaaommcoeeh,https://chromewebstore.google.com/user/installed,False,4.8,8,151,2.8.1,555KiB,Email,"January 11, 2021",2.0,2025-04-28 13:01:37
Chat GPT 4.5,https://chromewebstore.google.com/detail/chat-gpt-45/mlfeopjpfppjhlplidfoknledfkdbffo,https://chromewebstore.google.com/user/installed,True,5.0,2,445,1.1.0,207KiB,Email,"March 11, 2025",52.0,2025-04-28 13:01:39
Boss Hub | ChatWork,https://chromewebstore.google.com/detail/boss-hub-chatwork/mlinajkbaceacmgohnehoopkmajnleaf,https://iambuffett.net/,True,4.3,16,1000,4.8.3,1.84MiB,"Website
Email","July 4, 2024",,2025-04-28 13:01:45
Testing Reading Speed,https://chromewebstore.google.com/detail/testing-reading-speed/kmkdgnfgallnjpdldcmplbggbmkgcgdl,https://speed-read.freefinancetools.net/,True,4.3,16,4000,3.0.0,168KiB,"Website
Email","April 8, 2022",38.0,2025-04-28 13:01:47
Save ChatGPT to Notion,https://chromewebstore.google.com/detail/save-chatgpt-to-notion/bknieejaaomeegoflpgcckagimnbbgdp,https://chatgpt2notion.com/,True,4.3,21,5000,6.0.0,597KiB,"org
xianganwanjiaonailuchengjie 345num 九龍, 香港 510000 CN
Website
Email","January 24, 2025",53.0,2025-04-28 13:01:49
Chat2GPT,https://chromewebstore.google.com/detail/chat2gpt/oileildoebooegclgmgeimlflmffpfgn,https://chromewebstore.google.com/user/installed,False,5.0,1,20,1.1,811KiB,Email,"July 16, 2023",,2025-04-28 13:01:50
